user_id,page
253019,step5
310478,step5
304081,step5
901286,step5
195052,step5
721699,step5
266323,step5
726983,step5
920853,step5
331768,step5
86346,step5
786801,step5
534314,step5
380772,step5
31984,step5
511202,step5
129856,step5
192794,step5
91644,step5
679878,step5
890129,step5
320723,step5
836611,step5
403411,step5
882373,step5
370582,step5
512591,step5
606498,step5
32301,step5
862445,step5
459283,step5
144779,step5
961279,step5
731061,step5
214087,step5
745289,step5
826679,step5
875072,step5
293832,step5
303189,step5
364116,step5
970597,step5
877164,step5
73655,step5
875703,step5
255228,step5
445105,step5
441896,step5
411407,step5
598312,step5
573137,step5
718150,step5
71944,step5
119028,step5
779623,step5
723371,step5
672834,step5
360291,step5
446417,step5
713032,step5
389944,step5
696859,step5
431821,step5
357648,step5
884113,step5
709255,step5
435080,step5
747694,step5
708679,step5
886806,step5
631792,step5
934114,step5
724666,step5
777117,step5
495047,step5
890706,step5
657122,step5
546782,step5
768168,step5
338979,step5
250932,step5
406139,step5
172356,step5
848519,step5
401537,step5
476910,step5
210028,step5
888558,step5
214875,step5
409019,step5
709529,step5
473271,step5
81850,step5
582445,step5
434586,step5
749181,step5
793482,step5
646065,step5
5065,step5
701414,step5
320082,step5
816735,step5
345914,step5
728049,step5
686018,step5
383704,step5
97291,step5
189009,step5
689743,step5
135452,step5
967908,step5
315803,step5
100159,step5
363839,step5
301661,step5
504016,step5
439638,step5
188076,step5
904726,step5
227268,step5
245502,step5
177122,step5
930628,step5
523062,step5
622567,step5
796093,step5
582424,step5
496496,step5
214674,step5
504248,step5
288841,step5
382467,step5
154962,step5
701004,step5
129792,step5
618934,step5
485456,step5
739972,step5
503481,step5
74996,step5
929035,step5
58727,step5
810435,step5
752740,step5
992783,step5
248448,step5
232693,step5
365684,step5
506813,step5
588871,step5
812396,step5
752530,step5
753437,step5
912541,step5
148198,step5
608238,step5
375258,step5
535329,step5
330654,step5
309874,step5
827010,step5
475651,step5
735527,step5
722801,step5
521395,step5
328407,step5
197344,step5
200303,step5
630732,step5
560265,step5
623732,step5
281391,step5
274773,step5
469342,step5
489088,step5
943244,step5
222999,step5
811824,step5
660417,step5
366251,step5
26657,step5
252692,step5
784968,step5
923661,step5
52142,step5
36120,step5
640466,step5
438761,step5
429826,step5
46412,step5
990478,step5
724422,step5
440109,step5
523025,step5
517919,step5
298402,step5
425080,step5
573430,step5
618027,step5
222746,step5
892101,step5
764736,step5
333298,step5
359542,step5
501216,step5
366573,step5
947189,step5
134642,step5
648677,step5
87419,step5
320308,step5
9098,step5
402540,step5
181960,step5
200682,step5
367268,step5
919619,step5
139757,step5
964705,step5
595240,step5
807318,step5
102178,step5
281632,step5
395500,step5
505707,step5
376523,step5
25297,step5
66337,step5
524144,step5
597571,step5
318371,step5
534290,step5
291196,step5
57263,step5
221941,step5
463862,step5
190699,step5
418535,step5
783979,step5
698858,step5
712756,step5
586366,step5
628693,step5
908566,step5
978467,step5
222441,step5
100481,step5
725693,step5
593499,step5
487083,step5
12244,step5
855623,step5
587813,step5
654348,step5
160137,step5
80258,step5
254968,step5
806169,step5
141241,step5
264860,step5
72515,step5
190938,step5
230152,step5
796619,step5
603802,step5
723051,step5
308883,step5
116735,step5
601633,step5
236071,step5
442861,step5
535104,step5
91367,step5
45878,step5
369111,step5
79322,step5
773516,step5
809489,step5
180567,step5
483760,step5
275402,step5
742194,step5
307455,step5
473150,step5
782651,step5
215007,step5
33585,step5
813956,step5
805142,step5
344066,step5
898540,step5
676373,step5
283079,step5
186095,step5
484375,step5
401657,step5
525793,step5
262133,step5
574312,step5
963106,step5
69346,step5
582507,step5
695359,step5
540692,step5
446887,step5
310077,step5
252534,step5
316590,step5
885963,step5
108801,step5
80696,step5
148991,step5
223493,step5
308480,step5
537852,step5
700227,step5
823296,step5
861972,step5
178570,step5
632101,step5
831521,step5
536449,step5
402505,step5
926187,step5
195064,step5
343014,step5
226370,step5
795191,step5
292696,step5
683538,step5
95167,step5
194200,step5
416218,step5
393528,step5
497358,step5
440446,step5
375357,step5
810795,step5
420604,step5
479491,step5
627490,step5
701025,step5
317174,step5
4496,step5
590630,step5
846381,step5
381850,step5
276140,step5
444969,step5
230341,step5
481002,step5
725710,step5
110547,step5
625629,step5
592356,step5
370354,step5
165750,step5
751439,step5
141862,step5
830667,step5
982842,step5
944004,step5
480498,step5
598481,step5
895303,step5
785528,step5
318814,step5
435445,step5
223089,step5
127100,step5
317697,step5
913617,step5
48496,step5
202460,step5
259289,step5
875162,step5
189356,step5
528379,step5
587230,step5
709297,step5
184699,step5
720386,step5
7239,step5
481215,step5
545228,step5
821296,step5
798178,step5
90095,step5
900704,step5
279972,step5
26408,step5
428973,step5
718609,step5
386740,step5
751500,step5
795953,step5
13068,step5
122141,step5
378691,step5
34018,step5
27371,step5
481221,step5
918467,step5
715821,step5
388198,step5
320170,step5
856727,step5
927336,step5
953664,step5
48566,step5
101928,step5
478525,step5
126569,step5
991802,step5
842484,step5
697149,step5
97634,step5
538920,step5
849727,step5
285405,step5
428095,step5
851446,step5
644051,step5
466106,step5
24140,step5
298235,step5
877338,step5
959075,step5
908369,step5
141771,step5
659295,step5
777717,step5
848614,step5
256060,step5
592803,step5
926844,step5
291323,step5
459925,step5
611990,step5
96651,step5
4561,step5
767449,step5
480570,step5
85495,step5
461022,step5
38807,step5
82278,step5
990313,step5
705323,step5
577079,step5
213789,step5
20826,step5
778012,step5
593170,step5
765366,step5
50379,step5
543818,step5
566101,step5
882979,step5
764521,step5
777710,step5
59415,step5
586512,step5
44739,step5
466145,step5
919160,step5
35068,step5
255474,step5
952358,step5
955956,step5
706245,step5
824806,step5
557119,step5
641175,step5
541619,step5
938660,step5
190347,step5
612338,step5
154121,step5
321084,step5
310361,step5
41672,step5
935417,step5
983574,step5
707705,step5
544654,step5
644958,step5
334010,step5
556291,step5
168567,step5
129161,step5
832146,step5
888784,step5
288695,step5
443539,step5
973315,step5
746044,step5
235592,step5
936059,step5
270046,step5
257075,step5
114597,step5
866085,step5
711914,step5
55452,step5
608962,step5
41847,step5
572137,step5
912010,step5
307943,step5
89418,step5
242620,step5
994067,step5
891676,step5
513639,step5
270606,step5
263336,step5
812658,step5
628721,step5
396592,step5
317936,step5
650279,step5
725866,step5
504573,step5
529095,step5
691049,step5
409975,step5
792677,step5
362908,step5
658145,step5
351604,step5
119742,step5
470181,step5
237139,step5
286007,step5
886103,step5
759322,step5
56327,step5
923616,step5
555326,step5
989337,step5
454034,step5
261244,step5
908542,step5
579138,step5
29666,step5
290207,step5
97920,step5
722999,step5
69822,step5
957073,step5
775450,step5
959427,step5
911577,step5
925776,step5
452331,step5
878969,step5
98813,step5
466335,step5
56148,step5
632179,step5
113883,step5
52378,step5
406350,step5
404423,step5
512819,step5
143790,step5
867975,step5
802578,step5
534646,step5
70644,step5
222747,step5
265543,step5
918694,step5
413891,step5
849323,step5
668864,step5
148592,step5
351825,step5
414775,step5
233859,step5
684888,step5
502372,step5
409231,step5
645818,step5
642588,step5
573246,step5
848568,step5
169222,step5
204007,step5
242941,step5
340946,step5
923591,step5
938754,step5
453002,step5
194559,step5
855598,step5
787379,step5
894923,step5
528927,step5
63608,step5
282167,step5
517352,step5
68413,step5
950742,step5
292108,step5
61716,step5
589176,step5
71491,step5
244469,step5
913587,step5
87197,step5
552733,step5
545462,step5
754151,step5
904816,step5
863759,step5
708383,step5
875350,step5
333318,step5
670656,step5
815957,step5
678324,step5
408131,step5
44679,step5
68931,step5
619061,step5
430186,step5
946066,step5
668990,step5
646801,step5
147524,step5
32091,step5
266784,step5
502144,step5
185520,step5
135391,step5
165322,step5
605192,step5
628755,step5
471698,step5
905464,step5
163854,step5
59091,step5
759547,step5
594101,step5
16941,step5
836474,step5
286003,step5
141654,step5
210444,step5
272782,step5
820958,step5
39473,step5
362798,step5
330970,step5
415873,step5
953748,step5
202320,step5
965919,step5
482171,step5
465498,step5
810623,step5
660709,step5
174659,step5
995047,step5
122143,step5
273900,step5
500169,step5
479724,step5
997455,step5
963975,step5
677,step5
370417,step5
692262,step5
742727,step5
945919,step5
783192,step5
141105,step5
88883,step5
715534,step5
524531,step5
677008,step5
788180,step5
161960,step5
832737,step5
805962,step5
261068,step5
541110,step5
247178,step5
918097,step5
24698,step5
201722,step5
573110,step5
999441,step5
941859,step5
481502,step5
58300,step5
831626,step5
663927,step5
841057,step5
833928,step5
908534,step5
402564,step5
102769,step5
444124,step5
136897,step5
183901,step5
739911,step5
385196,step5
400089,step5
458575,step5
94080,step5
431116,step5
661592,step5
920306,step5
780826,step5
978057,step5
452833,step5
69818,step5
748656,step5
401630,step5
714046,step5
64412,step5
541763,step5
509838,step5
341042,step5
882380,step5
1729,step5
548887,step5
986177,step5
547501,step5
956178,step5
996948,step5
674156,step5
250073,step5
519915,step5
19699,step5
988907,step5
311815,step5
14287,step5
178848,step5
473259,step5
881479,step5
8683,step5
995868,step5
51269,step5
126446,step5
753854,step5
303411,step5
439761,step5
596068,step5
283690,step5
751379,step5
601967,step5
531089,step5
104167,step5
515725,step5
366494,step5
824853,step5
491966,step5
803423,step5
877147,step5
997945,step5
499407,step5
132002,step5
851730,step5
895608,step5
689469,step5
686897,step5
139516,step5
299927,step5
982589,step5
88046,step5
206354,step5
679427,step5
638894,step5
936016,step5
645466,step5
546702,step5
985395,step5
845756,step5
216091,step5
524891,step5
745997,step5
303085,step5
139150,step5
539203,step5
338566,step5
165672,step5
347085,step5
549273,step5
619420,step5
316337,step5
380284,step5
211855,step5
167132,step5
594175,step5
873826,step5
721201,step5
619928,step5
907279,step5
897466,step5
375144,step5
413006,step5
361787,step5
267681,step5
537592,step5
318124,step5
301558,step5
920040,step5
538073,step5
536003,step5
838747,step5
667527,step5
75247,step5
656543,step5
206225,step5
989590,step5
240306,step5
415731,step5
201083,step5
631346,step5
178759,step5
851457,step5
918245,step5
514485,step5
810962,step5
826662,step5
140354,step5
150751,step5
27945,step5
502989,step5
590897,step5
537279,step5
311758,step5
497880,step5
631220,step5
576129,step5
424940,step5
32338,step5
186487,step5
979961,step5
879458,step5
436736,step5
638892,step5
218115,step5
603783,step5
950777,step5
188844,step5
854383,step5
194036,step5
880866,step5
371639,step5
890329,step5
495990,step5
180903,step5
29611,step5
801123,step5
527526,step5
217410,step5
270135,step5
742527,step5
174298,step5
497592,step5
771765,step5
207005,step5
154882,step5
365297,step5
714575,step5
182834,step5
75616,step5
273345,step5
9392,step5
38419,step5
470963,step5
998333,step5
739115,step5
294613,step5
532733,step5
25928,step5
738398,step5
239618,step5
224143,step5
26265,step5
814122,step5
799110,step5
339243,step5
248756,step5
913126,step5
906060,step5
428038,step5
661674,step5
635827,step5
575497,step5
88223,step5
481014,step5
29227,step5
17879,step5
495004,step5
512243,step5
237470,step5
433851,step5
324495,step5
805176,step5
508601,step5
97995,step5
701751,step5
70181,step5
70153,step5
638965,step5
955894,step5
903330,step5
530726,step5
987681,step5
845894,step5
235975,step5
344661,step5
362856,step5
496525,step5
288060,step5
143167,step5
229735,step5
4389,step5
956652,step5
80523,step5
582219,step5
994906,step5
943573,step5
263888,step5
439341,step5
252548,step5
4176,step5
110814,step5
569891,step5
736377,step5
241292,step5
851061,step5
133521,step5
467619,step5
940714,step5
220097,step5
138387,step5
992350,step5
739866,step5
568670,step5
119253,step5
612029,step5
419231,step5
123361,step5
438964,step5
982928,step5
736070,step5
344364,step5
972956,step5
329862,step5
901530,step5
77337,step5
211458,step5
113729,step5
131153,step5
521307,step5
682241,step5
752132,step5
953802,step5
40816,step5
137069,step5
988979,step5
174009,step5
736800,step5
482972,step5
137788,step5
606966,step5
609427,step5
122247,step5
946973,step5
279644,step5
787616,step5
405856,step5
49321,step5
361845,step5
128663,step5
811076,step5
646987,step5
903946,step5
329281,step5
159111,step5
290247,step5
381606,step5
775754,step5
144750,step5
544032,step5
68671,step5
44684,step5
933745,step5
897535,step5
144497,step5
336380,step5
110797,step5
979482,step5
263166,step5
810711,step5
687594,step5
559850,step5
817983,step5
407068,step5
34606,step5
898276,step5
106457,step5
981522,step5
585349,step5
336889,step5
519832,step5
458349,step5
497969,step5
436473,step5
276866,step5
840018,step5
932813,step5
607481,step5
613368,step5
642143,step5
783272,step5
822775,step5
118861,step5
857461,step5
155022,step5
297261,step5
567797,step5
555833,step5
239270,step5
972383,step5
804180,step5
215298,step5
941503,step5
731088,step5
226309,step5
670320,step5
143295,step5
528186,step5
924643,step5
678977,step5
330882,step5
163518,step5
776440,step5
974866,step5
764378,step5
138479,step5
619884,step5
327102,step5
586259,step5
830108,step5
550182,step5
275053,step5
449412,step5
360672,step5
381805,step5
625937,step5
435168,step5
299551,step5
847497,step5
831335,step5
852094,step5
611679,step5
744614,step5
502666,step5
454341,step5
782676,step5
168978,step5
786991,step5
656784,step5
963029,step5
96423,step5
404422,step5
605778,step5
787303,step5
507807,step5
389895,step5
753771,step5
998695,step5
796703,step5
676818,step5
562962,step5
750109,step5
697878,step5
674480,step5
469229,step5
593138,step5
503837,step5
176809,step5
25667,step5
721225,step5
799493,step5
394119,step5
330284,step5
543124,step5
244315,step5
625441,step5
676902,step5
743725,step5
875186,step5
128910,step5
699475,step5
22295,step5
235301,step5
894357,step5
402750,step5
628198,step5
952116,step5
716869,step5
26493,step5
124874,step5
746666,step5
105317,step5
973616,step5
814182,step5
625031,step5
834922,step5
856671,step5
792862,step5
968342,step5
408597,step5
461332,step5
774755,step5
700568,step5
378156,step5
833438,step5
22802,step5
930461,step5
480253,step5
337355,step5
80134,step5
90652,step5
904901,step5
976138,step5
43800,step5
722291,step5
524487,step5
416573,step5
212159,step5
343939,step5
151074,step5
420754,step5
655591,step5
241029,step5
697239,step5
288354,step5
96073,step5
298877,step5
589518,step5
257775,step5
433842,step5
781440,step5
495056,step5
600424,step5
419234,step5
701875,step5
213154,step5
513987,step5
652470,step5
928659,step5
598195,step5
371194,step5
181205,step5
275831,step5
608473,step5
109844,step5
523931,step5
819864,step5
173113,step5
900436,step5
339172,step5
737852,step5
560189,step5
55174,step5
694836,step5
593957,step5
371719,step5
280705,step5
769574,step5
770149,step5
280193,step5
141015,step5
490283,step5
525888,step5
497899,step5
252088,step5
373656,step5
701372,step5
679051,step5
168122,step5
833670,step5
73235,step5
13816,step5
590780,step5
764956,step5
69619,step5
279514,step5
272097,step5
522202,step5
234322,step5
245272,step5
37725,step5
697247,step5
972053,step5
903150,step5
392552,step5
76737,step5
292559,step5
900003,step5
102931,step5
450516,step5
71809,step5
598018,step5
513444,step5
761202,step5
226502,step5
615264,step5
389018,step5
530733,step5
411202,step5
766515,step5
360975,step5
440750,step5
884194,step5
443377,step5
342801,step5
448011,step5
180821,step5
455623,step5
483261,step5
9649,step5
891407,step5
775883,step5
263482,step5
776737,step5
634836,step5
602611,step5
351640,step5
329410,step5
515439,step5
758088,step5
391468,step5
9796,step5
83158,step5
895400,step5
541670,step5
246011,step5
402271,step5
855793,step5
258146,step5
999315,step5
639103,step5
486169,step5
193259,step5
849393,step5
181174,step5
290602,step5
169773,step5
27403,step5
284074,step5
86629,step5
82744,step5
466743,step5
111757,step5
336394,step5
147612,step5
69098,step5
478990,step5
788514,step5
701721,step5
675995,step5
312399,step5
363044,step5
107792,step5
143291,step5
241329,step5
574470,step5
700751,step5
833015,step5
986457,step5
492498,step5
981594,step5
753037,step5
572021,step5
178409,step5
702117,step5
936245,step5
530893,step5
290298,step5
15181,step5
6510,step5
517478,step5
137103,step5
435207,step5
254741,step5
249773,step5
982161,step5
618376,step5
633377,step5
985179,step5
837349,step5
191112,step5
686370,step5
528289,step5
30217,step5
264974,step5
225638,step5
379146,step5
460989,step5
792301,step5
474709,step5
250283,step5
244166,step5
614563,step5
674513,step5
561841,step5
775920,step5
369724,step5
123053,step5
302165,step5
615632,step5
147192,step5
427689,step5
418307,step5
797513,step5
988121,step5
534805,step5
958463,step5
97927,step5
664261,step5
233763,step5
28088,step5
135587,step5
272619,step5
998450,step5
485919,step5
151812,step5
204498,step5
582815,step5
377921,step5
98009,step5
145841,step5
522538,step5
724505,step5
434627,step5
314942,step5
657606,step5
469947,step5
464337,step5
604395,step5
779512,step5
131174,step5
468952,step5
274919,step5
102957,step5
500660,step5
292957,step5
746276,step5
599990,step5
551846,step5
588190,step5
16031,step5
312537,step5
122212,step5
931435,step5
936045,step5
81105,step5
147184,step5
68942,step5
917428,step5
876905,step5
717341,step5
201411,step5
423604,step5
226764,step5
797926,step5
281731,step5
479564,step5
930878,step5
521733,step5
695114,step5
927232,step5
388498,step5
838572,step5
950703,step5
324131,step5
536348,step5
889762,step5
404200,step5
193776,step5
745555,step5
733933,step5
462103,step5
878524,step5
69068,step5
32983,step5
492867,step5
850714,step5
837799,step5
582439,step5
599679,step5
703371,step5
516732,step5
954458,step5
236857,step5
843191,step5
888137,step5
92891,step5
574415,step5
264160,step5
403470,step5
653691,step5
418508,step5
759854,step5
945828,step5
77119,step5
163136,step5
348088,step5
961032,step5
295654,step5
904546,step5
308332,step5
256317,step5
411723,step5
366103,step5
381773,step5
148678,step5
259215,step5
553829,step5
504055,step5
835472,step5
38525,step5
550952,step5
975859,step5
483351,step5
836066,step5
607079,step5
553505,step5
979611,step5
216558,step5
704999,step5
334469,step5
914192,step5
662959,step5
26522,step5
102950,step5
58170,step5
451287,step5
854327,step5
407846,step5
840274,step5
671659,step5
171980,step5
150161,step5
13376,step5
400720,step5
639727,step5
188976,step5
653185,step5
830532,step5
184291,step5
771821,step5
198030,step5
746353,step5
104721,step5
880978,step5
856338,step5
131772,step5
986247,step5
867807,step5
584278,step5
503829,step5
42645,step5
401087,step5
103964,step5
640856,step5
826376,step5
791246,step5
243843,step5
816697,step5
111833,step5
648758,step5
991472,step5
941606,step5
924884,step5
277592,step5
326677,step5
935647,step5
878307,step5
696002,step5
711632,step5
176373,step5
241709,step5
835521,step5
741372,step5
694042,step5
697493,step5
640238,step5
433854,step5
216635,step5
290514,step5
712467,step5
59769,step5
804802,step5
784032,step5
698205,step5
514387,step5
526670,step5
581987,step5
607509,step5
859055,step5
940876,step5
17953,step5
869943,step5
983221,step5
679773,step5
698416,step5
930170,step5
428917,step5
61330,step5
787180,step5
86460,step5
672634,step5
795220,step5
211459,step5
263228,step5
569395,step5
700944,step5
877995,step5
557862,step5
783726,step5
331308,step5
753424,step5
380011,step5
75228,step5
689159,step5
186538,step5
379724,step5
809126,step5
678132,step5
960996,step5
247128,step5
46885,step5
369190,step5
513186,step5
494534,step5
260404,step5
315184,step5
39677,step5
966163,step5
836207,step5
929222,step5
294009,step5
312727,step5
702109,step5
892129,step5
40503,step5
920041,step5
421036,step5
687244,step5
321769,step5
734188,step5
893252,step5
981088,step5
623448,step5
585721,step5
580627,step5
448786,step5
792167,step5
245266,step5
717905,step5
523458,step5
251312,step5
558830,step5
965630,step5
733831,step5
72944,step5
598329,step5
113182,step5
845069,step5
886102,step5
183936,step5
833346,step5
517588,step5
173236,step5
56479,step5
200802,step5
400664,step5
1549,step5
337900,step5
432747,step5
808733,step5
686473,step5
168539,step5
93534,step5
365738,step5
236739,step5
120559,step5
741396,step5
918188,step5
187552,step5
94291,step5
911540,step5
575731,step5
972955,step5
651142,step5
242198,step5
751386,step5
181506,step5
32894,step5
112136,step5
131290,step5
791555,step5
215189,step5
243783,step5
682425,step5
574885,step5
855736,step5
66489,step5
397462,step5
798205,step5
368733,step5
518205,step5
626916,step5
703838,step5
479029,step5
795005,step5
7041,step5
728266,step5
852145,step5
657026,step5
783462,step5
799292,step5
537845,step5
26746,step5
898109,step5
13947,step5
922447,step5
627960,step5
825442,step5
124809,step5
682553,step5
173683,step5
873286,step5
264911,step5
818075,step5
647500,step5
53482,step5
467234,step5
48784,step5
490488,step5
314021,step5
73371,step5
397193,step5
723542,step5
116548,step5
304156,step5
180320,step5
919847,step5
536950,step5
724085,step5
849565,step5
736618,step5
574259,step5
118077,step5
409758,step5
597136,step5
63963,step5
649554,step5
541013,step5
667668,step5
899098,step5
398326,step5
247913,step5
289638,step5
932463,step5
849377,step5
644839,step5
264968,step5
232602,step5
77145,step5
826337,step5
904504,step5
822338,step5
542001,step5
112065,step5
283098,step5
439121,step5
213096,step5
731555,step5
371026,step5
649482,step5
39685,step5
437784,step5
291186,step5
75722,step5
816691,step5
399345,step5
870345,step5
516292,step5
11402,step5
496218,step5
293319,step5
677935,step5
222485,step5
503566,step5
344587,step5
176781,step5
705687,step5
901505,step5
697141,step5
526229,step5
200749,step5
324903,step5
663590,step5
561140,step5
800545,step5
910928,step5
11715,step5
494168,step5
57704,step5
500912,step5
100833,step5
440800,step5
839628,step5
174210,step5
105676,step5
203696,step5
967649,step5
893870,step5
777624,step5
41853,step5
711487,step5
412112,step5
305360,step5
217122,step5
742156,step5
313126,step5
793088,step5
436649,step5
640146,step5
872565,step5
505215,step5
328212,step5
547259,step5
118869,step5
608058,step5
366974,step5
213056,step5
654808,step5
526296,step5
276233,step5
905157,step5
935892,step5
160401,step5
88745,step5
198004,step5
17979,step5
126503,step5
133451,step5
667656,step5
9477,step5
374681,step5
316645,step5
958788,step5
623096,step5
296976,step5
122651,step5
125432,step5
530697,step5
341158,step5
362464,step5
982670,step5
191815,step5
506199,step5
63792,step5
154290,step5
351112,step5
623755,step5
543629,step5
872244,step5
450646,step5
548872,step5
823713,step5
675633,step5
660702,step5
437529,step5
66277,step5
104187,step5
467597,step5
474170,step5
518491,step5
771520,step5
598397,step5
650524,step5
194026,step5
145090,step5
965916,step5
679284,step5
664563,step5
607592,step5
97770,step5
684478,step5
792138,step5
929676,step5
959885,step5
25843,step5
930763,step5
265310,step5
102460,step5
669413,step5
843734,step5
948818,step5
294686,step5
861842,step5
174694,step5
339746,step5
132397,step5
272571,step5
817293,step5
630600,step5
552139,step5
553881,step5
230055,step5
605923,step5
220068,step5
277999,step5
530197,step5
647269,step5
604860,step5
3962,step5
624801,step5
65993,step5
586902,step5
248801,step5
14647,step5
924055,step5
915670,step5
290696,step5
513379,step5
625034,step5
452294,step5
540182,step5
88119,step5
450478,step5
16667,step5
812168,step5
489757,step5
284968,step5
216284,step5
224580,step5
203704,step5
262484,step5
916461,step5
71315,step5
957087,step5
239265,step5
586308,step5
937287,step5
798200,step5
525504,step5
153716,step5
801243,step5
929102,step5
829392,step5
968310,step5
333347,step5
10810,step5
42591,step5
976657,step5
676649,step5
242366,step5
165363,step5
729835,step5
551298,step5
79913,step5
169016,step5
885549,step5
976555,step5
145478,step5
787044,step5
986098,step5
128057,step5
308825,step5
524406,step5
515297,step5
679882,step5
190121,step5
956049,step5
965576,step5
578539,step5
673609,step5
860493,step5
227898,step5
255726,step5
281024,step5
885587,step5
411181,step5
233434,step5
349261,step5
923287,step5
916080,step5
376069,step5
996946,step5
7648,step5
426710,step5
871334,step5
448338,step5
499097,step5
447576,step5
911393,step5
68316,step5
234188,step5
821479,step5
590292,step5
684474,step5
521135,step5
119699,step5
868239,step5
628223,step5
5235,step5
863890,step5
360071,step5
415535,step5
738882,step5
757435,step5
902212,step5
310096,step5
264500,step5
685396,step5
871645,step5
728588,step5
496991,step5
403581,step5
56045,step5
726624,step5
781178,step5
902335,step5
661141,step5
157202,step5
71603,step5
502752,step5
390186,step5
755109,step5
246106,step5
175759,step5
371291,step5
533685,step5
211367,step5
81195,step5
859164,step5
805710,step5
629012,step5
722595,step5
123569,step5
573493,step5
291367,step5
247158,step5
595070,step5
801023,step5
162808,step5
31940,step5
682948,step5
466070,step5
969105,step5
664801,step5
248554,step5
974744,step5
225193,step5
476075,step5
432084,step5
349939,step5
786898,step5
402006,step5
71591,step5
816635,step5
585404,step5
259818,step5
18899,step5
611792,step5
390666,step5
318904,step5
173995,step5
276854,step5
108408,step5
122248,step5
661390,step5
79501,step5
383249,step5
715370,step5
834778,step5
19330,step5
381096,step5
424827,step5
142084,step5
152725,step5
51603,step5
886303,step5
313205,step5
236427,step5
345199,step5
817673,step5
61769,step5
595500,step5
563031,step5
866056,step5
469575,step5
762690,step5
996455,step5
335381,step5
813150,step5
857979,step5
465302,step5
880120,step5
918388,step5
306292,step5
451931,step5
946948,step5
526756,step5
404567,step5
887992,step5
463101,step5
137848,step5
842231,step5
257093,step5
627560,step5
94279,step5
570700,step5
165651,step5
624235,step5
745586,step5
684789,step5
826834,step5
754224,step5
987444,step5
754345,step5
480174,step5
16567,step5
774160,step5
314547,step5
575137,step5
736772,step5
479315,step5
82177,step5
782737,step5
940093,step5
812104,step5
809121,step5
166752,step5
209640,step5
314227,step5
429305,step5
816499,step5
755682,step5
481944,step5
356805,step5
184006,step5
728281,step5
269761,step5
787801,step5
936870,step5
503306,step5
250778,step5
269752,step5
902055,step5
886691,step5
407564,step5
373993,step5
400941,step5
512412,step5
362044,step5
609223,step5
254537,step5
283076,step5
573548,step5
316881,step5
312862,step5
639065,step5
47456,step5
71940,step5
275308,step5
230128,step5
120264,step5
202139,step5
482131,step5
205268,step5
723411,step5
512030,step5
923810,step5
350299,step5
20641,step5
554082,step5
734759,step5
474251,step5
721057,step5
607807,step5
936695,step5
442338,step5
127172,step5
667291,step5
403943,step5
43349,step5
227416,step5
142580,step5
877607,step5
654591,step5
671982,step5
43357,step5
917281,step5
988652,step5
834365,step5
433508,step5
704359,step5
709005,step5
220543,step5
188251,step5
794134,step5
316806,step5
6574,step5
495419,step5
563420,step5
782857,step5
181203,step5
769917,step5
406032,step5
388893,step5
161289,step5
324117,step5
397156,step5
296646,step5
738494,step5
239853,step5
637321,step5
857211,step5
973893,step5
65493,step5
204819,step5
471495,step5
102990,step5
28879,step5
176123,step5
516662,step5
487068,step5
859628,step5
997809,step5
623869,step5
712723,step5
263707,step5
541960,step5
676204,step5
139438,step5
618481,step5
542275,step5
908286,step5
223223,step5
592913,step5
847178,step5
243456,step5
147054,step5
953847,step5
974757,step5
39669,step5
44595,step5
282877,step5
267202,step5
994470,step5
972775,step5
533255,step5
225271,step5
194396,step5
274347,step5
651758,step5
765464,step5
109442,step5
466425,step5
242313,step5
801746,step5
27362,step5
311002,step5
827348,step5
572190,step5
649067,step5
955572,step5
263147,step5
242830,step5
876286,step5
989653,step5
279751,step5
903857,step5
973676,step5
531732,step5
669784,step5
395537,step5
297254,step5
59654,step5
33103,step5
708780,step5
602831,step5
494659,step5
80223,step5
795666,step5
843357,step5
66936,step5
204679,step5
227073,step5
345724,step5
882388,step5
664411,step5
460102,step5
970787,step5
430295,step5
10683,step5
693553,step5
475075,step5
798613,step5
384972,step5
28669,step5
925565,step5
643395,step5
622286,step5
787546,step5
443657,step5
861823,step5
59763,step5
994284,step5
442646,step5
729171,step5
580211,step5
460463,step5
41697,step5
745619,step5
800000,step5
805255,step5
373207,step5
959177,step5
838652,step5
251951,step5
355498,step5
353690,step5
763282,step5
273197,step5
603009,step5
609483,step5
388159,step5
206099,step5
301216,step5
303801,step5
849151,step5
305474,step5
110742,step5
636652,step5
554826,step5
95364,step5
495107,step5
454767,step5
508122,step5
867219,step5
250807,step5
369854,step5
283324,step5
808200,step5
556763,step5
807237,step5
5761,step5
340829,step5
295793,step5
981434,step5
167805,step5
263791,step5
302844,step5
411373,step5
826655,step5
720000,step5
377893,step5
703820,step5
793224,step5
408515,step5
714217,step5
869691,step5
336739,step5
542940,step5
419293,step5
728183,step5
190170,step5
444328,step5
524480,step5
866769,step5
336039,step5
842239,step5
139411,step5
825597,step5
595985,step5
628699,step5
688554,step5
225490,step5
108429,step5
619434,step5
711803,step5
551574,step5
165198,step5
563752,step5
449629,step5
868416,step5
59195,step5
433684,step5
38881,step5
403406,step5
453120,step5
22485,step5
435327,step5
998691,step5
308881,step5
787236,step5
762183,step5
298103,step5
905066,step5
174057,step5
287132,step5
359036,step5
91752,step5
151008,step5
888500,step5
885060,step5
210010,step5
379700,step5
59647,step5
888054,step5
572478,step5
389490,step5
818572,step5
713993,step5
240822,step5
218126,step5
219367,step5
629181,step5
873118,step5
46151,step5
708643,step5
533617,step5
963701,step5
556943,step5
805725,step5
256757,step5
796993,step5
860654,step5
516271,step5
329114,step5
638114,step5
324857,step5
929811,step5
900939,step5
38,step5
98779,step5
271016,step5
519675,step5
999896,step5
93580,step5
20430,step5
404230,step5
424451,step5
355223,step5
945183,step5
777123,step5
672002,step5
318363,step5
708638,step5
246920,step5
663718,step5
927255,step5
91486,step5
487030,step5
206008,step5
251458,step5
418211,step5
5884,step5
61576,step5
867780,step5
489485,step5
482864,step5
70244,step5
515338,step5
917181,step5
438598,step5
951276,step5
507215,step5
386330,step5
151824,step5
865657,step5
775026,step5
310548,step5
345411,step5
111529,step5
927720,step5
611501,step5
274124,step5
427722,step5
856802,step5
122067,step5
784328,step5
188373,step5
213687,step5
17301,step5
584918,step5
223221,step5
507199,step5
40612,step5
865212,step5
415083,step5
996218,step5
625697,step5
727139,step5
7216,step5
219953,step5
301956,step5
730840,step5
732037,step5
119201,step5
66236,step5
63478,step5
854191,step5
743121,step5
8175,step5
91889,step5
892341,step5
680136,step5
604468,step5
614922,step5
743218,step5
478352,step5
706635,step5
963870,step5
4757,step5
457786,step5
612954,step5
447221,step5
132341,step5
819833,step5
917215,step5
685171,step5
711811,step5
800012,step5
129105,step5
540111,step5
894461,step5
526109,step5
690233,step5
752457,step5
126679,step5
471759,step5
947840,step5
909255,step5
398264,step5
723260,step5
797462,step5
827473,step5
482179,step5
47434,step5
298404,step5
303193,step5
622869,step5
705247,step5
826055,step5
916434,step5
383272,step5
338281,step5
643567,step5
956106,step5
220268,step5
71894,step5
950075,step5
583695,step5
253709,step5
514363,step5
87586,step5
864791,step5
123100,step5
563475,step5
360340,step5
793516,step5
74559,step5
577439,step5
853009,step5
307658,step5
87385,step5
527814,step5
503853,step5
395796,step5
388834,step5
826003,step5
64129,step5
561559,step5
177951,step5
319782,step5
968828,step5
994235,step5
288331,step5
158574,step5
296687,step5
652869,step5
664990,step5
135556,step5
771937,step5
685985,step5
684960,step5
487073,step5
667397,step5
702068,step5
377410,step5
769808,step5
66070,step5
186915,step5
795310,step5
673090,step5
217500,step5
176945,step5
946246,step5
836866,step5
585691,step5
908623,step5
242471,step5
91980,step5
385511,step5
58573,step5
722131,step5
566778,step5
766392,step5
117649,step5
207120,step5
648879,step5
822663,step5
903325,step5
345140,step5
486829,step5
926961,step5
309689,step5
410077,step5
130411,step5
299548,step5
563070,step5
337685,step5
119327,step5
417913,step5
379117,step5
223167,step5
535430,step5
711460,step5
907692,step5
916033,step5
875550,step5
336852,step5
782272,step5
183407,step5
177318,step5
220668,step5
567982,step5
712830,step5
306209,step5
466524,step5
742593,step5
386772,step5
446347,step5
334978,step5
565423,step5
635882,step5
807606,step5
513001,step5
353828,step5
366259,step5
31737,step5
52560,step5
49800,step5
36016,step5
633556,step5
197189,step5
680532,step5
681006,step5
221822,step5
49728,step5
479037,step5
652546,step5
126303,step5
564032,step5
294238,step5
893710,step5
331953,step5
264939,step5
583849,step5
115931,step5
648052,step5
754752,step5
745443,step5
774683,step5
386858,step5
605122,step5
351689,step5
613341,step5
347545,step5
535975,step5
475303,step5
333548,step5
331300,step5
979137,step5
260742,step5
463109,step5
787873,step5
696399,step5
327626,step5
434793,step5
654999,step5
770970,step5
762952,step5
813352,step5
433647,step5
84732,step5
176007,step5
181107,step5
636049,step5
215947,step5
390582,step5
23693,step5
377557,step5
416405,step5
320277,step5
540231,step5
647452,step5
137953,step5
412025,step5
268792,step5
140587,step5
377770,step5
804470,step5
809243,step5
275902,step5
778703,step5
296172,step5
925035,step5
491776,step5
150589,step5
693383,step5
935042,step5
123095,step5
623259,step5
127778,step5
643357,step5
582754,step5
106764,step5
698139,step5
303187,step5
205999,step5
400836,step5
980416,step5
502494,step5
494094,step5
934637,step5
855610,step5
457566,step5
553319,step5
949305,step5
910309,step5
242209,step5
99456,step5
380093,step5
111601,step5
827328,step5
442854,step5
306354,step5
615249,step5
249858,step5
736250,step5
834471,step5
886310,step5
414784,step5
499021,step5
518847,step5
524580,step5
797883,step5
830653,step5
675183,step5
255699,step5
551623,step5
489561,step5
487218,step5
367503,step5
415219,step5
974527,step5
304401,step5
326549,step5
483592,step5
110342,step5
841681,step5
795454,step5
342054,step5
964923,step5
878247,step5
895164,step5
821040,step5
523521,step5
551105,step5
314194,step5
678841,step5
318400,step5
129954,step5
729192,step5
714996,step5
396525,step5
571619,step5
371320,step5
70267,step5
862423,step5
22613,step5
953699,step5
787264,step5
183442,step5
526566,step5
689496,step5
196016,step5
635484,step5
202335,step5
466037,step5
36778,step5
853685,step5
514033,step5
295120,step5
207917,step5
189658,step5
142134,step5
348643,step5
946266,step5
443281,step5
87664,step5
587576,step5
729604,step5
445006,step5
608239,step5
608818,step5
936389,step5
428484,step5
378884,step5
276194,step5
488081,step5
64967,step5
750320,step5
319176,step5
940711,step5
786916,step5
874121,step5
16960,step5
219817,step5
963062,step5
938890,step5
146980,step5
531238,step5
936343,step5
729089,step5
204799,step5
990270,step5
699673,step5
645035,step5
204880,step5
35264,step5
267656,step5
419859,step5
234276,step5
816940,step5
714298,step5
793876,step5
261752,step5
83974,step5
503589,step5
242318,step5
582275,step5
133217,step5
441411,step5
952769,step5
392210,step5
931772,step5
759303,step5
775257,step5
20704,step5
87846,step5
22952,step5
850365,step5
698154,step5
58959,step5
635532,step5
314540,step5
813669,step5
995148,step5
819190,step5
468428,step5
315680,step5
607249,step5
931009,step5
197560,step5
926732,step5
900296,step5
377541,step5
106594,step5
69908,step5
872677,step5
40608,step5
812263,step5
528989,step5
976295,step5
340538,step5
930435,step5
440592,step5
866570,step5
476768,step5
99952,step5
846637,step5
615684,step5
673689,step5
805231,step5
993007,step5
875005,step5
393076,step5
188589,step5
942409,step5
529839,step5
723350,step5
20939,step5
232217,step5
538740,step5
22738,step5
391189,step5
895327,step5
563935,step5
120878,step5
611476,step5
807990,step5
236998,step5
994883,step5
317172,step5
340036,step5
994226,step5
169165,step5
730152,step5
952672,step5
583379,step5
737093,step5
688251,step5
677286,step5
196807,step5
972718,step5
649967,step5
208682,step5
251015,step5
392513,step5
691287,step5
942504,step5
940637,step5
923889,step5
336874,step5
421699,step5
663495,step5
652314,step5
72572,step5
765049,step5
450425,step5
7125,step5
161155,step5
717640,step5
856423,step5
505105,step5
601108,step5
666429,step5
762239,step5
133531,step5
249391,step5
299547,step5
179966,step5
286997,step5
434620,step5
233139,step5
630159,step5
646070,step5
890475,step5
66241,step5
743406,step5
499856,step5
819320,step5
215465,step5
543511,step5
761588,step5
462367,step5
504719,step5
966385,step5
643460,step5
407249,step5
398483,step5
53770,step5
775452,step5
176162,step5
317940,step5
892328,step5
341636,step5
813535,step5
477084,step5
74142,step5
197240,step5
606914,step5
684237,step5
716873,step5
69961,step5
777806,step5
341964,step5
673326,step5
540272,step5
110880,step5
637406,step5
145110,step5
877003,step5
908112,step5
509332,step5
255068,step5
495887,step5
86273,step5
235280,step5
78483,step5
393715,step5
643773,step5
250998,step5
528722,step5
783079,step5
637625,step5
801356,step5
344051,step5
645308,step5
645042,step5
484234,step5
393984,step5
247756,step5
140360,step5
55047,step5
16883,step5
850566,step5
799561,step5
859573,step5
71549,step5
363405,step5
867499,step5
3944,step5
128337,step5
576138,step5
552218,step5
347609,step5
23106,step5
338722,step5
917534,step5
251587,step5
551010,step5
467384,step5
853373,step5
500567,step5
602799,step5
899118,step5
764169,step5
763968,step5
534710,step5
125501,step5
404074,step5
760215,step5
856826,step5
932762,step5
516381,step5
456539,step5
92152,step5
820102,step5
37020,step5
59372,step5
944491,step5
138807,step5
755867,step5
275777,step5
958426,step5
470763,step5
121575,step5
961414,step5
419600,step5
126026,step5
713776,step5
183987,step5
607516,step5
705524,step5
454481,step5
395394,step5
20227,step5
854865,step5
882110,step5
708616,step5
118300,step5
737761,step5
155581,step5
594433,step5
11778,step5
841348,step5
367180,step5
983825,step5
718741,step5
874233,step5
331545,step5
882782,step5
866089,step5
526173,step5
578143,step5
437647,step5
967664,step5
529338,step5
503840,step5
738441,step5
829501,step5
759313,step5
558913,step5
383397,step5
210088,step5
443902,step5
825443,step5
388612,step5
896562,step5
352469,step5
541606,step5
764623,step5
556261,step5
818191,step5
647683,step5
467339,step5
314725,step5
585147,step5
63477,step5
714201,step5
134365,step5
417408,step5
728895,step5
409009,step5
828768,step5
522493,step5
191567,step5
841019,step5
69826,step5
320470,step5
697625,step5
693390,step5
335923,step5
323048,step5
111713,step5
619930,step5
95691,step5
354631,step5
129867,step5
393214,step5
703237,step5
52553,step5
552250,step5
740226,step5
702437,step5
109461,step5
329362,step5
858910,step5
157570,step5
694324,step5
201183,step5
391270,step5
611039,step5
975748,step5
548453,step5
99023,step5
859734,step5
365660,step5
22685,step5
68489,step5
317792,step5
382362,step5
532593,step5
130345,step5
277227,step5
897990,step5
723751,step5
345100,step5
191729,step5
239492,step5
248849,step5
524749,step5
578661,step5
898153,step5
311969,step5
196902,step5
98688,step5
869821,step5
292590,step5
834586,step5
284618,step5
176901,step5
259507,step5
425452,step5
572777,step5
101234,step5
925296,step5
747159,step5
90185,step5
114463,step5
844948,step5
989429,step5
43433,step5
301542,step5
560151,step5
608276,step5
587586,step5
489216,step5
672271,step5
55861,step5
729463,step5
207443,step5
250760,step5
72577,step5
435383,step5
570863,step5
579426,step5
937755,step5
222650,step5
112649,step5
860829,step5
353600,step5
261158,step5
687034,step5
910293,step5
369292,step5
101818,step5
529765,step5
298515,step5
597408,step5
791274,step5
868815,step5
572018,step5
594097,step5
803927,step5
645703,step5
26521,step5
275406,step5
92648,step5
747560,step5
921285,step5
840825,step5
320262,step5
128827,step5
711572,step5
220597,step5
9064,step5
238364,step5
534569,step5
829845,step5
516634,step5
600594,step5
930023,step5
68904,step5
455754,step5
827476,step5
95350,step5
486539,step5
977124,step5
101982,step5
175900,step5
9459,step5
274999,step5
908192,step5
748616,step5
177106,step5
80030,step5
966426,step5
855646,step5
224961,step5
712944,step5
455796,step5
414510,step5
443035,step5
127705,step5
559527,step5
498403,step5
328046,step5
424026,step5
483783,step5
903413,step5
909882,step5
260140,step5
401924,step5
97452,step5
651451,step5
218178,step5
662992,step5
505369,step5
817260,step5
812258,step5
259750,step5
111376,step5
200048,step5
573474,step5
699731,step5
901153,step5
114793,step5
435639,step5
487247,step5
805766,step5
146489,step5
559037,step5
982064,step5
471870,step5
461192,step5
146386,step5
207637,step5
806395,step5
238848,step5
591264,step5
406382,step5
460508,step5
898285,step5
317330,step5
57940,step5
63625,step5
361386,step5
804081,step5
726820,step5
708425,step5
251351,step5
482866,step5
249312,step5
933352,step5
661679,step5
404655,step5
612555,step5
360484,step5
582473,step5
312437,step5
121251,step5
146954,step5
953949,step5
416778,step5
354866,step5
953819,step5
454240,step5
45424,step5
513004,step5
580163,step5
114401,step5
469648,step5
404903,step5
945837,step5
352636,step5
198094,step5
774855,step5
751751,step5
118554,step5
626756,step5
103369,step5
290807,step5
657241,step5
435979,step5
55632,step5
677652,step5
667095,step5
153251,step5
557642,step5
186331,step5
573943,step5
308452,step5
485453,step5
811854,step5
304070,step5
990581,step5
514432,step5
578428,step5
781251,step5
465687,step5
35443,step5
507198,step5
164796,step5
496555,step5
469760,step5
81177,step5
647836,step5
44470,step5
994809,step5
237206,step5
698737,step5
100560,step5
51174,step5
771032,step5
114033,step5
295036,step5
775281,step5
298664,step5
47353,step5
823380,step5
955557,step5
463929,step5
152501,step5
57612,step5
8505,step5
595437,step5
563788,step5
418498,step5
167347,step5
663632,step5
669140,step5
319780,step5
429832,step5
160776,step5
462226,step5
730515,step5
808401,step5
50276,step5
847783,step5
448546,step5
13580,step5
107058,step5
474385,step5
498864,step5
753770,step5
962964,step5
762264,step5
57952,step5
680788,step5
14171,step5
970538,step5
143986,step5
685101,step5
468277,step5
119351,step5
309350,step5
99359,step5
678895,step5
252024,step5
658006,step5
379877,step5
881498,step5
72406,step5
276951,step5
431798,step5
739281,step5
41868,step5
675627,step5
61620,step5
423926,step5
744742,step5
78304,step5
538348,step5
744219,step5
451830,step5
257574,step5
616112,step5
122327,step5
126560,step5
308860,step5
585325,step5
326010,step5
889328,step5
621710,step5
777623,step5
425655,step5
682437,step5
547065,step5
548681,step5
74058,step5
526982,step5
772094,step5
776088,step5
143541,step5
281354,step5
97002,step5
993481,step5
109982,step5
334507,step5
383978,step5
987427,step5
494746,step5
590656,step5
360078,step5
542624,step5
775065,step5
599347,step5
534990,step5
562983,step5
188073,step5
779569,step5
261717,step5
110323,step5
96572,step5
742579,step5
84551,step5
543231,step5
860009,step5
1728,step5
102724,step5
376118,step5
96015,step5
296887,step5
514152,step5
506849,step5
103870,step5
630977,step5
378457,step5
234981,step5
210450,step5
535475,step5
844612,step5
467098,step5
411163,step5
767637,step5
932241,step5
336270,step5
741970,step5
128291,step5
561949,step5
422363,step5
664696,step5
568106,step5
947897,step5
421484,step5
950318,step5
731825,step5
116624,step5
554893,step5
986916,step5
725781,step5
782688,step5
546407,step5
792870,step5
329981,step5
530972,step5
458343,step5
306458,step5
796142,step5
216580,step5
469430,step5
228911,step5
307632,step5
254669,step5
968626,step5
638921,step5
170212,step5
911837,step5
753375,step5
581064,step5
389810,step5
770927,step5
539446,step5
233871,step5
521557,step5
642118,step5
364112,step5
326298,step5
51124,step5
154131,step5
897335,step5
435925,step5
202397,step5
800836,step5
881329,step5
815930,step5
727483,step5
536515,step5
956647,step5
922243,step5
234804,step5
560371,step5
360870,step5
894575,step5
120477,step5
228354,step5
390533,step5
650659,step5
152002,step5
736831,step5
102540,step5
645455,step5
737797,step5
575047,step5
712633,step5
572386,step5
847347,step5
631948,step5
183232,step5
136579,step5
441710,step5
597672,step5
896321,step5
703023,step5
742088,step5
935464,step5
399434,step5
693923,step5
340191,step5
654196,step5
790254,step5
464788,step5
878115,step5
758567,step5
568394,step5
672423,step5
843017,step5
393798,step5
51105,step5
675084,step5
163741,step5
359910,step5
59583,step5
834879,step5
564359,step5
28314,step5
425990,step5
280460,step5
866680,step5
350247,step5
976906,step5
652147,step5
821869,step5
231048,step5
468169,step5
500598,step5
733177,step5
534971,step5
940891,step5
801852,step5
226688,step5
445868,step5
718350,step5
486875,step5
511511,step5
374218,step5
214176,step5
182469,step5
34037,step5
603061,step5
734619,step5
947336,step5
134044,step5
907399,step5
751848,step5
991684,step5
803474,step5
509584,step5
562584,step5
483384,step5
630024,step5
552063,step5
396337,step5
755652,step5
115838,step5
336903,step5
240317,step5
252787,step5
116964,step5
83605,step5
631763,step5
79252,step5
861159,step5
310246,step5
229753,step5
707414,step5
889453,step5
161844,step5
827951,step5
38257,step5
428130,step5
873276,step5
93648,step5
288092,step5
284467,step5
924781,step5
874911,step5
710172,step5
559760,step5
536425,step5
664522,step5
204770,step5
342068,step5
519655,step5
459075,step5
985095,step5
414909,step5
40413,step5
489647,step5
586404,step5
718029,step5
342895,step5
144819,step5
360196,step5
264434,step5
446198,step5
240408,step5
641913,step5
725312,step5
297096,step5
635323,step5
451645,step5
51300,step5
365697,step5
92180,step5
182592,step5
870490,step5
85533,step5
72352,step5
237047,step5
940269,step5
328836,step5
602132,step5
807269,step5
340949,step5
897206,step5
31866,step5
67756,step5
422928,step5
111991,step5
403939,step5
269550,step5
870435,step5
299790,step5
170815,step5
119275,step5
484197,step5
42853,step5
468765,step5
969384,step5
673046,step5
383561,step5
685357,step5
601091,step5
784892,step5
350472,step5
446717,step5
325136,step5
481228,step5
235229,step5
580584,step5
2742,step5
344630,step5
370729,step5
247696,step5
219284,step5
524443,step5
129933,step5
657176,step5
266362,step5
387670,step5
255702,step5
12708,step5
149802,step5
689836,step5
460510,step5
273361,step5
788632,step5
994662,step5
376020,step5
95133,step5
323314,step5
370434,step5
365874,step5
173551,step5
557327,step5
852235,step5
379679,step5
681981,step5
35385,step5
604476,step5
38540,step5
693084,step5
739385,step5
521201,step5
28583,step5
907718,step5
156405,step5
64280,step5
127147,step5
743088,step5
537118,step5
741422,step5
243960,step5
472034,step5
976011,step5
570411,step5
864688,step5
103220,step5
357927,step5
620196,step5
409843,step5
710506,step5
496476,step5
790636,step5
529709,step5
677854,step5
825839,step5
838513,step5
353905,step5
306656,step5
848168,step5
835784,step5
468412,step5
519823,step5
239238,step5
136131,step5
284695,step5
844153,step5
156123,step5
664260,step5
634762,step5
658868,step5
833533,step5
193491,step5
839345,step5
96364,step5
7110,step5
347764,step5
683569,step5
324380,step5
922085,step5
609954,step5
806757,step5
445118,step5
142608,step5
338830,step5
939090,step5
478255,step5
262343,step5
666985,step5
671647,step5
445791,step5
207354,step5
202299,step5
200120,step5
554857,step5
654122,step5
89446,step5
845237,step5
330226,step5
845703,step5
304246,step5
935502,step5
553469,step5
866605,step5
582870,step5
668029,step5
483683,step5
312680,step5
981671,step5
707216,step5
770301,step5
915896,step5
759454,step5
771296,step5
746505,step5
109530,step5
776031,step5
218650,step5
994767,step5
699448,step5
589474,step5
164204,step5
716972,step5
182641,step5
449840,step5
371208,step5
518777,step5
835355,step5
287333,step5
486023,step5
999234,step5
800090,step5
297948,step5
578022,step5
65581,step5
8713,step5
495595,step5
643761,step5
100016,step5
96885,step5
130733,step5
755736,step5
601551,step5
299963,step5
894524,step5
326564,step5
790034,step5
649361,step5
675258,step5
216276,step5
928340,step5
723372,step5
582933,step5
16998,step5
835416,step5
19855,step5
811361,step5
816787,step5
426851,step5
265658,step5
88715,step5
627369,step5
373518,step5
358226,step5
239881,step5
628660,step5
743042,step5
642209,step5
126531,step5
901176,step5
379581,step5
953779,step5
936346,step5
924701,step5
340167,step5
672220,step5
221830,step5
359850,step5
113580,step5
927347,step5
428806,step5
552196,step5
51882,step5
11332,step5
865414,step5
383880,step5
592287,step5
345715,step5
779484,step5
183219,step5
726646,step5
612963,step5
959458,step5
847299,step5
923746,step5
172123,step5
365674,step5
836673,step5
719493,step5
828820,step5
4160,step5
211983,step5
540485,step5
690641,step5
658775,step5
883112,step5
579314,step5
257397,step5
664013,step5
467375,step5
659905,step5
2284,step5
934670,step5
459344,step5
658034,step5
161558,step5
30482,step5
623011,step5
257083,step5
361389,step5
18317,step5
421332,step5
115735,step5
307981,step5
171265,step5
292488,step5
866781,step5
392784,step5
697915,step5
224373,step5
78885,step5
609145,step5
100279,step5
935759,step5
385027,step5
557718,step5
886886,step5
319180,step5
806139,step5
799354,step5
765463,step5
922068,step5
270228,step5
949231,step5
296747,step5
558788,step5
21080,step5
588535,step5
457777,step5
24327,step5
697828,step5
88648,step5
273964,step5
429437,step5
393584,step5
948250,step5
651472,step5
561699,step5
794799,step5
983194,step5
689169,step5
231324,step5
34951,step5
941876,step5
303736,step5
975100,step5
335981,step5
411985,step5
722402,step5
460576,step5
506011,step5
251886,step5
67279,step5
192938,step5
272335,step5
971768,step5
351478,step5
822237,step5
437536,step5
335726,step5
849696,step5
653409,step5
609108,step5
1968,step5
499017,step5
724297,step5
413289,step5
639985,step5
910504,step5
779824,step5
854832,step5
489330,step5
175920,step5
893286,step5
768925,step5
968133,step5
182205,step5
368853,step5
145048,step5
787223,step5
908777,step5
794692,step5
556866,step5
784050,step5
142503,step5
428612,step5
637218,step5
400983,step5
747598,step5
810075,step5
43627,step5
869018,step5
787029,step5
475961,step5
50732,step5
387089,step5
942120,step5
86965,step5
3550,step5
668707,step5
180574,step5
406593,step5
655323,step5
50314,step5
815897,step5
903683,step5
427610,step5
636145,step5
198640,step5
630919,step5
196161,step5
402223,step5
256324,step5
979840,step5
975013,step5
769671,step5
556988,step5
966308,step5
383694,step5
48593,step5
226004,step5
971144,step5
767878,step5
470251,step5
215179,step5
359888,step5
64795,step5
514185,step5
976345,step5
461607,step5
204077,step5
796718,step5
153581,step5
188859,step5
53523,step5
248261,step5
61580,step5
553067,step5
909294,step5
529864,step5
180761,step5
36905,step5
334163,step5
543314,step5
263815,step5
788190,step5
143580,step5
771040,step5
147438,step5
524520,step5
536318,step5
552918,step5
437594,step5
312851,step5
120228,step5
398256,step5
677818,step5
323081,step5
13989,step5
173605,step5
700037,step5
398234,step5
187969,step5
477053,step5
834529,step5
957226,step5
167632,step5
483821,step5
690263,step5
929245,step5
881882,step5
410383,step5
280164,step5
366519,step5
491466,step5
720909,step5
988168,step5
113367,step5
110738,step5
354011,step5
423049,step5
464724,step5
133172,step5
545837,step5
534825,step5
56530,step5
787287,step5
78381,step5
358541,step5
958606,step5
406963,step5
392354,step5
911701,step5
207369,step5
627301,step5
777002,step5
931071,step5
476856,step5
246019,step5
56668,step5
545523,step5
425366,step5
166056,step5
890715,step5
971773,step5
874444,step5
966710,step5
48014,step5
521961,step5
4068,step5
122098,step5
579584,step5
248867,step5
494074,step5
923634,step5
525598,step5
291921,step5
582760,step5
373557,step5
267646,step5
43283,step5
421517,step5
871428,step5
865791,step5
134870,step5
347863,step5
838723,step5
599744,step5
982426,step5
314500,step5
619275,step5
489514,step5
573756,step5
115926,step5
591078,step5
136923,step5
676467,step5
820062,step5
709837,step5
92890,step5
982992,step5
628813,step5
684608,step5
292430,step5
459845,step5
183206,step5
933571,step5
177952,step5
703062,step5
11121,step5
386571,step5
430109,step5
449025,step5
92758,step5
42416,step5
737314,step5
595454,step5
366945,step5
129067,step5
349457,step5
57696,step5
128604,step5
961724,step5
720954,step5
292346,step5
442562,step5
470106,step5
13244,step5
790886,step5
218095,step5
917640,step5
179360,step5
938871,step5
440324,step5
471694,step5
819967,step5
27816,step5
146707,step5
340309,step5
398728,step5
919111,step5
415406,step5
748208,step5
453076,step5
734949,step5
971711,step5
241305,step5
147885,step5
390829,step5
614282,step5
108859,step5
740761,step5
730579,step5
168058,step5
433082,step5
453671,step5
298343,step5
957904,step5
974597,step5
109663,step5
554049,step5
465504,step5
930760,step5
775567,step5
818875,step5
367391,step5
496133,step5
573224,step5
572199,step5
821409,step5
205982,step5
207476,step5
444809,step5
949722,step5
830786,step5
347299,step5
101653,step5
943832,step5
381748,step5
729795,step5
48547,step5
895267,step5
927171,step5
395894,step5
415177,step5
877910,step5
107343,step5
164286,step5
27756,step5
132988,step5
309199,step5
725500,step5
558692,step5
325236,step5
538347,step5
325381,step5
296440,step5
300590,step5
381686,step5
421015,step5
105836,step5
542162,step5
450030,step5
155922,step5
54776,step5
977882,step5
623273,step5
904713,step5
46040,step5
933637,step5
850175,step5
485672,step5
999373,step5
514935,step5
707484,step5
174352,step5
905680,step5
662730,step5
959739,step5
473302,step5
252222,step5
345617,step5
670761,step5
90457,step5
549121,step5
622779,step5
679891,step5
4232,step5
428699,step5
205344,step5
556805,step5
549109,step5
374206,step5
61888,step5
526427,step5
694053,step5
779596,step5
113459,step5
133964,step5
835761,step5
991256,step5
949004,step5
558802,step5
231875,step5
910348,step5
605466,step5
512371,step5
580617,step5
20882,step5
861936,step5
346306,step5
346486,step5
584084,step5
813604,step5
507454,step5
749413,step5
472373,step5
899078,step5
281282,step5
151924,step5
766108,step5
660785,step5
129965,step5
763258,step5
263174,step5
127036,step5
896456,step5
781129,step5
687329,step5
468102,step5
851608,step5
511859,step5
182714,step5
675921,step5
327838,step5
494865,step5
805748,step5
203802,step5
676143,step5
62290,step5
809803,step5
957983,step5
136103,step5
245181,step5
917807,step5
645505,step5
107331,step5
382931,step5
615413,step5
236133,step5
440573,step5
560074,step5
836706,step5
763106,step5
220363,step5
72059,step5
795159,step5
131965,step5
383266,step5
49328,step5
652060,step5
120040,step5
15298,step5
921081,step5
646398,step5
808976,step5
323884,step5
709098,step5
499391,step5
130395,step5
654357,step5
368635,step5
792378,step5
312741,step5
573455,step5
745604,step5
677806,step5
415641,step5
280479,step5
620349,step5
2148,step5
302820,step5
586219,step5
237151,step5
284487,step5
259726,step5
371286,step5
963404,step5
594614,step5
108352,step5
596302,step5
387033,step5
677116,step5
500020,step5
133558,step5
277815,step5
478185,step5
869349,step5
257525,step5
817729,step5
171891,step5
861684,step5
602780,step5
520481,step5
315070,step5
805474,step5
95551,step5
795741,step5
832554,step5
91822,step5
865746,step5
585178,step5
580311,step5
731698,step5
6721,step5
853710,step5
109824,step5
622677,step5
203192,step5
504018,step5
825530,step5
123734,step5
643910,step5
582979,step5
101175,step5
105567,step5
472634,step5
187745,step5
747524,step5
931715,step5
864599,step5
702443,step5
353125,step5
643743,step5
679027,step5
509270,step5
852394,step5
574652,step5
65986,step5
57560,step5
371877,step5
692546,step5
308049,step5
399589,step5
953810,step5
467570,step5
163452,step5
548933,step5
615140,step5
251028,step5
858430,step5
83743,step5
320257,step5
133715,step5
432418,step5
948899,step5
84861,step5
172923,step5
195176,step5
139772,step5
887829,step5
327255,step5
953909,step5
709944,step5
305732,step5
858404,step5
654052,step5
53074,step5
528757,step5
200667,step5
824738,step5
88505,step5
540887,step5
40557,step5
822625,step5
949550,step5
121685,step5
717028,step5
17804,step5
214507,step5
701096,step5
616015,step5
689865,step5
422831,step5
958712,step5
545495,step5
29460,step5
987794,step5
47116,step5
71630,step5
294352,step5
384543,step5
517992,step5
591495,step5
430167,step5
933474,step5
538437,step5
496097,step5
450959,step5
561538,step5
713677,step5
60704,step5
606678,step5
640427,step5
867451,step5
164573,step5
11394,step5
860158,step5
890337,step5
967485,step5
207777,step5
995701,step5
816118,step5
510210,step5
409022,step5
944747,step5
19279,step5
578206,step5
317248,step5
459799,step5
461224,step5
119251,step5
990959,step5
546012,step5
442185,step5
865507,step5
212882,step5
195807,step5
477898,step5
48541,step5
245022,step5
898507,step5
699412,step5
682151,step5
768143,step5
806794,step5
198824,step5
802152,step5
397157,step5
3103,step5
97464,step5
651460,step5
260866,step5
348154,step5
873181,step5
713881,step5
445234,step5
819244,step5
706459,step5
847047,step5
741666,step5
362674,step5
110910,step5
394138,step5
64899,step5
757092,step5
359224,step5
29261,step5
171664,step5
293678,step5
865801,step5
457843,step5
119672,step5
841164,step5
264006,step5
175381,step5
157836,step5
876090,step5
957230,step5
621058,step5
376376,step5
935148,step5
850577,step5
406224,step5
754959,step5
160914,step5
405027,step5
427824,step5
368378,step5
393347,step5
157191,step5
120812,step5
834018,step5
140871,step5
665312,step5
270547,step5
683838,step5
557126,step5
319821,step5
802534,step5
602416,step5
812193,step5
685883,step5
448663,step5
429448,step5
310435,step5
401862,step5
417082,step5
590652,step5
573865,step5
304875,step5
258230,step5
734042,step5
667541,step5
641488,step5
510823,step5
705035,step5
77910,step5
887647,step5
808914,step5
714765,step5
295423,step5
820844,step5
123225,step5
720149,step5
399768,step5
181588,step5
792124,step5
739014,step5
933860,step5
675491,step5
922089,step5
947589,step5
856489,step5
976689,step5
247471,step5
860000,step5
559858,step5
897556,step5
7792,step5
888025,step5
444887,step5
417424,step5
345260,step5
783017,step5
826424,step5
780387,step5
634784,step5
291173,step5
917513,step5
206829,step5
891064,step5
56184,step5
525662,step5
819199,step5
861451,step5
723319,step5
888887,step5
574126,step5
804614,step5
340952,step5
843723,step5
643000,step5
608831,step5
531500,step5
502794,step5
614277,step5
15152,step5
404982,step5
500151,step5
399286,step5
770552,step5
429035,step5
859464,step5
945188,step5
637430,step5
69511,step5
967560,step5
292751,step5
204573,step5
709249,step5
811908,step5
639498,step5
286261,step5
255161,step5
596734,step5
256480,step5
138972,step5
329701,step5
495450,step5
677830,step5
728011,step5
952379,step5
268466,step5
268972,step5
489023,step5
648308,step5
328511,step5
216267,step5
7333,step5
272177,step5
753438,step5
756600,step5
66667,step5
363498,step5
238288,step5
422876,step5
683664,step5
772203,step5
738238,step5
829400,step5
460850,step5
260180,step5
850623,step5
684830,step5
951882,step5
356901,step5
443256,step5
629508,step5
985840,step5
177304,step5
574134,step5
204771,step5
298195,step5
141099,step5
217770,step5
21396,step5
174644,step5
39255,step5
140337,step5
630849,step5
45142,step5
919485,step5
692850,step5
840704,step5
335895,step5
877155,step5
254413,step5
451863,step5
211773,step5
602554,step5
230710,step5
222145,step5
70152,step5
502512,step5
259736,step5
163347,step5
524955,step5
319707,step5
755511,step5
598812,step5
954037,step5
939959,step5
698348,step5
295118,step5
911842,step5
493077,step5
223666,step5
450231,step5
664955,step5
433920,step5
568156,step5
687876,step5
163664,step5
568897,step5
730503,step5
165560,step5
842735,step5
799212,step5
329716,step5
367847,step5
965879,step5
871172,step5
475456,step5
362275,step5
561750,step5
486505,step5
357956,step5
267300,step5
28309,step5
602481,step5
645298,step5
823163,step5
167776,step5
316465,step5
34425,step5
273756,step5
680138,step5
805403,step5
594160,step5
551949,step5
495159,step5
749898,step5
803587,step5
86432,step5
209030,step5
799873,step5
367537,step5
837364,step5
396546,step5
223159,step5
762954,step5
753169,step5
155766,step5
831902,step5
797168,step5
187878,step5
66428,step5
662384,step5
868859,step5
988595,step5
763010,step5
242048,step5
24398,step5
947291,step5
881026,step5
128590,step5
93258,step5
734943,step5
565638,step5
800794,step5
283237,step5
13706,step5
336337,step5
901267,step5
452610,step5
923990,step5
725113,step5
323483,step5
719571,step5
185822,step5
774748,step5
287768,step5
774502,step5
921080,step5
308820,step5
497126,step5
168250,step5
13830,step5
448414,step5
259918,step5
829970,step5
504695,step5
215889,step5
774477,step5
178792,step5
399878,step5
729024,step5
396286,step5
477067,step5
483338,step5
412730,step5
724605,step5
808251,step5
77359,step5
443402,step5
203713,step5
590792,step5
869865,step5
60124,step5
290701,step5
232257,step5
369430,step5
532224,step5
84143,step5
971840,step5
677930,step5
195503,step5
210311,step5
757074,step5
759668,step5
780348,step5
65235,step5
226102,step5
824200,step5
376737,step5
566635,step5
365504,step5
93384,step5
913250,step5
957712,step5
21514,step5
740484,step5
826544,step5
995824,step5
314737,step5
472479,step5
908242,step5
225160,step5
147335,step5
835269,step5
389627,step5
367086,step5
430658,step5
559816,step5
797691,step5
966403,step5
189782,step5
894484,step5
70648,step5
537627,step5
121847,step5
644882,step5
515874,step5
569952,step5
745120,step5
259941,step5
936298,step5
778403,step5
499179,step5
771349,step5
988020,step5
55110,step5
843636,step5
348832,step5
27854,step5
720646,step5
833999,step5
73007,step5
905460,step5
746174,step5
395712,step5
547163,step5
673209,step5
446742,step5
743798,step5
852391,step5
988821,step5
887977,step5
412822,step5
593986,step5
400188,step5
670997,step5
852112,step5
212021,step5
722700,step5
807674,step5
803890,step5
553552,step5
207393,step5
427569,step5
803562,step5
953100,step5
594960,step5
592180,step5
466191,step5
824334,step5
280615,step5
58592,step5
794563,step5
207772,step5
282182,step5
816599,step5
273651,step5
705004,step5
141303,step5
292472,step5
37280,step5
946777,step5
719151,step5
864064,step5
353806,step5
195426,step5
368819,step5
6404,step5
642518,step5
311479,step5
424320,step5
512969,step5
45611,step5
47724,step5
318261,step5
849287,step5
421083,step5
988914,step5
218255,step5
499225,step5
794935,step5
297443,step5
385603,step5
905199,step5
661387,step5
630859,step5
681435,step5
409001,step5
259638,step5
240109,step5
457513,step5
802766,step5
69165,step5
613744,step5
203242,step5
582876,step5
254989,step5
12434,step5
940169,step5
650874,step5
40191,step5
186238,step5
575319,step5
332949,step5
334471,step5
640833,step5
625462,step5
397883,step5
937542,step5
717583,step5
888147,step5
407188,step5
11833,step5
852377,step5
433194,step5
933422,step5
843031,step5
246503,step5
53032,step5
673150,step5
973087,step5
310501,step5
127626,step5
761846,step5
266049,step5
716413,step5
999453,step5
88009,step5
717795,step5
986813,step5
225829,step5
868852,step5
994824,step5
656950,step5
483593,step5
126994,step5
41384,step5
328155,step5
269455,step5
597260,step5
110529,step5
764252,step5
162429,step5
313354,step5
55705,step5
143144,step5
544754,step5
188330,step5
584725,step5
638830,step5
262014,step5
306722,step5
762915,step5
651838,step5
926930,step5
457863,step5
276166,step5
845084,step5
376486,step5
377957,step5
871190,step5
229909,step5
907272,step5
406406,step5
171351,step5
761600,step5
173115,step5
710925,step5
342492,step5
17975,step5
165205,step5
223134,step5
980510,step5
803401,step5
310372,step5
963175,step5
920374,step5
237916,step5
160113,step5
195110,step5
484620,step5
180271,step5
588702,step5
92406,step5
919694,step5
888800,step5
665193,step5
250489,step5
197831,step5
260531,step5
288423,step5
574954,step5
191141,step5
748559,step5
588232,step5
349976,step5
352418,step5
418072,step5
654292,step5
436358,step5
531690,step5
908009,step5
541137,step5
992049,step5
151886,step5
782292,step5
754063,step5
920841,step5
93210,step5
86846,step5
684035,step5
168057,step5
840532,step5
793621,step5
323633,step5
918855,step5
90290,step5
694807,step5
959935,step5
428381,step5
759851,step5
913156,step5
660683,step5
774614,step5
779950,step5
921293,step5
674616,step5
330089,step5
268582,step5
241121,step5
716447,step5
473700,step5
470809,step5
907310,step5
706964,step5
744960,step5
829012,step5
436153,step5
573092,step5
492404,step5
656876,step5
318114,step5
816680,step5
92930,step5
794928,step5
301350,step5
251619,step5
173606,step5
255174,step5
296244,step5
778882,step5
39015,step5
344676,step5
502537,step5
22886,step5
966997,step5
155524,step5
843428,step5
944882,step5
778462,step5
675443,step5
482815,step5
317576,step5
205024,step5
557210,step5
723027,step5
227612,step5
572394,step5
808558,step5
775945,step5
480632,step5
10356,step5
370745,step5
340286,step5
475205,step5
995389,step5
151652,step5
867531,step5
683700,step5
102246,step5
904415,step5
426634,step5
130494,step5
70345,step5
585611,step5
852791,step5
568380,step5
651055,step5
842325,step5
431275,step5
417629,step5
411231,step5
72012,step5
78392,step5
242849,step5
610387,step5
321200,step5
424467,step5
232071,step5
941726,step5
415871,step5
227643,step5
374057,step5
876721,step5
990383,step5
110024,step5
852328,step5
574114,step5
863765,step5
224742,step5
160819,step5
210993,step5
948139,step5
734332,step5
697105,step5
392514,step5
188152,step5
50081,step5
175798,step5
337053,step5
3061,step5
298691,step5
698285,step5
706683,step5
655209,step5
88277,step5
302714,step5
263640,step5
115458,step5
193747,step5
183013,step5
884235,step5
971212,step5
425112,step5
556350,step5
355252,step5
17995,step5
744033,step5
399376,step5
761027,step5
433710,step5
277395,step5
137230,step5
711323,step5
957129,step5
494597,step5
977036,step5
894052,step5
9940,step5
911499,step5
71082,step5
38369,step5
672550,step5
670388,step5
811259,step5
20486,step5
759856,step5
571474,step5
161354,step5
731089,step5
966651,step5
655988,step5
689704,step5
37650,step5
680824,step5
394691,step5
96611,step5
586807,step5
352834,step5
96156,step5
943980,step5
82518,step5
337704,step5
967743,step5
783292,step5
42062,step5
35521,step5
252247,step5
848899,step5
23648,step5
625061,step5
747373,step5
116035,step5
403164,step5
196422,step5
191576,step5
979797,step5
188333,step5
486556,step5
395497,step5
773948,step5
768594,step5
951876,step5
66406,step5
818070,step5
182836,step5
491661,step5
651937,step5
625696,step5
836728,step5
238927,step5
522441,step5
481319,step5
37075,step5
960800,step5
42243,step5
739161,step5
896760,step5
290083,step5
349914,step5
419360,step5
738759,step5
81271,step5
368644,step5
71615,step5
785631,step5
844893,step5
146341,step5
742891,step5
831081,step5
388931,step5
809860,step5
94567,step5
714590,step5
515661,step5
18894,step5
137766,step5
791332,step5
344537,step5
624127,step5
71542,step5
849725,step5
140689,step5
531443,step5
77474,step5
581956,step5
878525,step5
581170,step5
15278,step5
665106,step5
908768,step5
475781,step5
556092,step5
361695,step5
883517,step5
25257,step5
938155,step5
317661,step5
17376,step5
21574,step5
967981,step5
172154,step5
569341,step5
21527,step5
977975,step5
954308,step5
767511,step5
837384,step5
902843,step5
245797,step5
811429,step5
311606,step5
59684,step5
381352,step5
113284,step5
692582,step5
626160,step5
699561,step5
949845,step5
687926,step5
58680,step5
622472,step5
790063,step5
482473,step5
683100,step5
622630,step5
67917,step5
51723,step5
819391,step5
264579,step5
691274,step5
539618,step5
761566,step5
844849,step5
331329,step5
263883,step5
601579,step5
607194,step5
877317,step5
613814,step5
284424,step5
612442,step5
20550,step5
16855,step5
462584,step5
3349,step5
649277,step5
461268,step5
279343,step5
455751,step5
71216,step5
144560,step5
301935,step5
621187,step5
708236,step5
217509,step5
316778,step5
424362,step5
526381,step5
918566,step5
951925,step5
456121,step5
316969,step5
130598,step5
30261,step5
321945,step5
838832,step5
10903,step5
118601,step5
537310,step5
702276,step5
435404,step5
400634,step5
164856,step5
268187,step5
983755,step5
676542,step5
271874,step5
696732,step5
239204,step5
318911,step5
706508,step5
908420,step5
379427,step5
373538,step5
653483,step5
603616,step5
816606,step5
753190,step5
112871,step5
147502,step5
937634,step5
652799,step5
367520,step5
604207,step5
172768,step5
397120,step5
448276,step5
564116,step5
459,step5
305354,step5
568743,step5
845846,step5
549164,step5
436081,step5
584402,step5
797006,step5
172550,step5
708760,step5
700821,step5
409180,step5
313984,step5
652914,step5
805462,step5
449293,step5
865321,step5
262446,step5
713071,step5
496281,step5
46240,step5
958645,step5
421939,step5
850369,step5
529934,step5
330961,step5
320575,step5
989081,step5
316128,step5
52580,step5
869680,step5
125915,step5
573883,step5
990575,step5
892456,step5
309009,step5
82845,step5
873136,step5
25520,step5
842010,step5
877495,step5
899287,step5
444473,step5
6260,step5
382160,step5
120672,step5
752755,step5
177453,step5
701839,step5
937462,step5
843396,step5
532793,step5
13399,step5
747150,step5
126120,step5
340605,step5
201374,step5
382591,step5
285994,step5
911632,step5
92724,step5
414645,step5
887492,step5
890035,step5
520827,step5
640809,step5
64661,step5
827986,step5
270854,step5
537967,step5
153299,step5
792873,step5
499564,step5
538102,step5
193768,step5
709158,step5
540746,step5
187310,step5
960756,step5
939053,step5
541336,step5
716429,step5
452038,step5
311387,step5
819878,step5
342803,step5
392361,step5
538242,step5
869364,step5
986964,step5
999485,step5
545947,step5
834447,step5
864057,step5
717081,step5
580323,step5
173629,step5
252053,step5
768271,step5
436234,step5
536271,step5
12052,step5
294363,step5
294818,step5
291934,step5
408533,step5
668820,step5
37779,step5
555909,step5
337273,step5
531461,step5
606636,step5
359318,step5
90686,step5
263365,step5
565438,step5
529948,step5
345050,step5
964429,step5
46019,step5
402418,step5
661430,step5
922035,step5
240754,step5
565592,step5
217916,step5
165138,step5
66727,step5
567574,step5
303246,step5
761216,step5
514529,step5
413697,step5
766250,step5
17652,step5
429003,step5
27499,step5
877597,step5
14164,step5
145204,step5
668809,step5
762996,step5
851942,step5
716015,step5
816918,step5
808298,step5
221871,step5
793474,step5
192592,step5
812237,step5
978434,step5
259024,step5
446301,step5
156246,step5
837155,step5
738977,step5
679037,step5
43445,step5
208740,step5
331618,step5
548327,step5
933655,step5
345751,step5
285684,step5
20410,step5
856505,step5
649539,step5
96755,step5
497461,step5
830896,step5
715704,step5
765431,step5
40541,step5
796357,step5
783716,step5
309561,step5
208377,step5
461561,step5
411539,step5
455051,step5
518034,step5
191320,step5
830622,step5
916742,step5
225885,step5
150796,step5
600020,step5
316326,step5
434337,step5
269188,step5
145139,step5
318442,step5
348966,step5
654654,step5
690564,step5
893077,step5
243154,step5
26414,step5
306369,step5
902682,step5
489195,step5
326470,step5
746202,step5
239264,step5
366008,step5
328688,step5
904514,step5
933978,step5
99448,step5
274638,step5
522477,step5
891733,step5
809734,step5
78725,step5
98528,step5
506123,step5
828240,step5
469409,step5
209286,step5
104872,step5
171573,step5
299683,step5
186097,step5
503337,step5
870528,step5
745423,step5
978334,step5
815748,step5
646417,step5
469640,step5
563592,step5
601206,step5
573013,step5
447649,step5
360710,step5
315754,step5
900914,step5
110837,step5
190012,step5
239040,step5
236164,step5
581917,step5
114936,step5
791986,step5
518817,step5
849892,step5
569987,step5
27864,step5
490738,step5
828362,step5
776066,step5
73423,step5
527917,step5
41293,step5
391184,step5
66452,step5
989504,step5
678953,step5
122413,step5
696652,step5
416558,step5
448390,step5
298897,step5
993134,step5
95652,step5
190543,step5
461036,step5
177386,step5
252093,step5
610284,step5
470638,step5
300501,step5
437075,step5
689407,step5
60485,step5
214443,step5
738298,step5
488693,step5
375830,step5
954991,step5
584153,step5
892109,step5
276277,step5
305050,step5
809011,step5
653333,step5
436437,step5
176959,step5
461169,step5
673361,step5
112620,step5
817449,step5
969280,step5
797056,step5
18898,step5
693683,step5
147665,step5
586581,step5
674196,step5
802357,step5
496625,step5
752485,step5
691102,step5
270252,step5
535415,step5
942134,step5
413352,step5
224190,step5
268688,step5
620524,step5
569002,step5
522536,step5
484030,step5
82165,step5
624755,step5
780683,step5
685869,step5
659963,step5
910539,step5
217866,step5
109905,step5
508276,step5
638864,step5
978960,step5
346102,step5
480459,step5
653805,step5
933404,step5
746566,step5
86436,step5
324314,step5
3790,step5
97026,step5
743032,step5
677138,step5
815624,step5
614489,step5
548955,step5
799457,step5
878813,step5
837534,step5
244509,step5
956711,step5
112117,step5
203866,step5
80817,step5
148029,step5
17467,step5
284490,step5
506683,step5
212288,step5
160092,step5
337260,step5
864534,step5
931453,step5
40068,step5
347651,step5
146837,step5
767593,step5
996916,step5
757013,step5
10636,step5
174579,step5
386897,step5
483494,step5
216856,step5
681585,step5
882534,step5
790460,step5
950585,step5
542576,step5
759416,step5
617087,step5
258378,step5
594093,step5
527051,step5
348820,step5
969825,step5
203262,step5
370509,step5
921037,step5
116115,step5
405931,step5
72860,step5
703482,step5
426819,step5
694655,step5
760108,step5
229357,step5
665817,step5
172365,step5
813985,step5
435231,step5
781946,step5
317818,step5
174800,step5
407956,step5
469879,step5
220167,step5
397473,step5
332945,step5
66997,step5
38522,step5
938668,step5
476440,step5
517171,step5
755700,step5
5068,step5
518796,step5
488432,step5
291299,step5
144822,step5
857893,step5
71172,step5
962058,step5
563819,step5
369924,step5
418298,step5
296621,step5
736933,step5
590163,step5
55892,step5
458265,step5
191108,step5
294553,step5
856917,step5
196940,step5
180051,step5
592300,step5
676559,step5
887265,step5
733090,step5
603695,step5
213040,step5
118569,step5
943499,step5
741481,step5
712132,step5
762975,step5
977400,step5
717050,step5
547529,step5
892084,step5
746678,step5
137877,step5
10297,step5
750075,step5
662175,step5
80364,step5
897255,step5
890344,step5
963609,step5
624216,step5
937743,step5
450434,step5
551067,step5
427348,step5
341124,step5
907175,step5
703785,step5
510884,step5
764246,step5
408934,step5
968676,step5
680458,step5
515440,step5
895021,step5
7275,step5
28812,step5
673724,step5
250112,step5
678650,step5
515974,step5
676257,step5
501311,step5
574872,step5
153328,step5
515195,step5
133826,step5
470846,step5
23022,step5
761880,step5
13261,step5
965497,step5
486579,step5
162305,step5
865128,step5
260473,step5
499516,step5
675748,step5
492356,step5
187377,step5
72073,step5
157184,step5
294898,step5
727207,step5
919914,step5
963370,step5
218248,step5
761947,step5
970731,step5
276066,step5
969690,step5
249133,step5
13295,step5
458193,step5
101128,step5
639308,step5
493752,step5
380175,step5
154201,step5
195027,step5
594990,step5
25633,step5
271082,step5
293303,step5
680490,step5
185809,step5
459045,step5
272551,step5
869460,step5
622808,step5
906555,step5
136061,step5
743071,step5
669585,step5
495034,step5
409971,step5
866335,step5
745373,step5
362174,step5
68751,step5
386954,step5
398330,step5
731054,step5
540342,step5
306357,step5
693041,step5
62896,step5
80358,step5
16226,step5
764436,step5
395812,step5
696785,step5
771314,step5
377411,step5
213133,step5
962717,step5
208533,step5
595519,step5
12918,step5
247688,step5
605277,step5
912104,step5
241655,step5
65310,step5
800627,step5
706843,step5
828246,step5
282628,step5
907442,step5
93686,step5
24593,step5
160469,step5
394970,step5
783294,step5
870374,step5
695086,step5
358507,step5
459587,step5
736604,step5
917839,step5
908319,step5
42089,step5
647251,step5
470952,step5
701429,step5
266616,step5
706357,step5
693121,step5
319053,step5
142102,step5
476348,step5
367150,step5
287815,step5
979310,step5
676255,step5
254126,step5
835452,step5
916722,step5
408911,step5
462170,step5
352714,step5
643218,step5
808226,step5
465657,step5
434415,step5
851652,step5
612674,step5
18767,step5
724467,step5
33567,step5
822716,step5
242378,step5
197522,step5
933181,step5
206332,step5
956153,step5
47519,step5
593454,step5
171804,step5
831316,step5
431599,step5
287559,step5
201020,step5
666427,step5
830590,step5
779985,step5
164029,step5
946829,step5
827802,step5
136354,step5
408452,step5
942264,step5
577038,step5
56524,step5
303959,step5
81762,step5
424295,step5
934480,step5
543356,step5
481678,step5
896308,step5
923032,step5
889820,step5
133033,step5
243588,step5
522428,step5
622333,step5
345248,step5
650297,step5
991630,step5
132536,step5
666217,step5
785949,step5
674907,step5
797506,step5
285245,step5
490819,step5
121010,step5
117719,step5
66123,step5
37391,step5
896441,step5
23639,step5
659242,step5
395342,step5
637777,step5
604008,step5
